title,parsed_rate
Semi-supervised Semantic Segmentation using Auxiliary Network | OpenReview,3.420668125152588
Contrastive Learning of Structured World Models | OpenReview,6.116711616516113
Uncertainty-aware Variational-Recurrent Imputation Network for Clinical Time Series | OpenReview,6.366359710693359
Peer Loss Functions: Learning from Noisy Labels without Knowing Noise Rates | OpenReview,8.469414710998535
Alleviating Privacy Attacks via Causal Learning | OpenReview,2.537770986557007
Cyclical Stochastic Gradient MCMC for Bayesian Deep Learning | OpenReview,8.507484436035156
DropGrad: Gradient Dropout Regularization for Meta-Learning | OpenReview,6.413963317871094
An Empirical and Comparative Analysis of Data Valuation with Scalable Algorithms | OpenReview,7.3097758293151855
Option Discovery using Deep Skill Chaining | OpenReview,5.076832294464111
GraphQA: Protein Model Quality Assessment using Graph Convolutional Network | OpenReview,5.327964782714844
MODELLING BIOLOGICAL ASSAYS WITH ADAPTIVE DEEP KERNEL LEARNING | OpenReview,2.733353614807129
NAMSG: An Efficient Method for Training Neural Networks | OpenReview,6.264845848083496
Feature Partitioning for Efficient Multi-Task Architectures | OpenReview,5.365731239318848
Universal Approximation with Deep Narrow Networks | OpenReview,6.057538986206055
Pseudo-LiDAR++: Accurate Depth for 3D Object Detection in Autonomous Driving | OpenReview,7.4527997970581055
Improving the Generalization of Visual Navigation Policies using Invariance Regularization | OpenReview,5.421047210693359
Variational Autoencoders with Normalizing Flow Decoders | OpenReview,8.155865669250488
Network Pruning for Low-Rank Binary Index | OpenReview,6.660294532775879
Pareto Optimality in No-Harm Fairness | OpenReview,8.729391098022461
Neural Clustering Processes | OpenReview,7.278017997741699
Regularizing Predictions via Class-wise Self-knowledge Distillation | OpenReview,6.811086654663086
Efficient Deep Representation Learning by Adaptive Latent Space Sampling | OpenReview,6.217224597930908
Overparameterized Neural Networks Can Implement Associative Memory | OpenReview,1.7278590202331543
Relation-based Generalized Zero-shot Classification with the Domain Discriminator on the shared representation | OpenReview,9.067977905273438
MULTI-LABEL METRIC LEARNING WITH BIDIRECTIONAL REPRESENTATION DEEP NEURAL NETWORKS | OpenReview,6.054658889770508
Automated Relational Meta-learning | OpenReview,7.040439605712891
Generalizing Deep Multi-task Learning with Heterogeneous Structured Networks | OpenReview,6.16013240814209
Scaling Autoregressive Video Models | OpenReview,7.651567459106445
Black-Box Adversarial Attack with Transferable Model-based Embedding | OpenReview,8.686349868774414
Variational Hashing-based Collaborative Filtering with Self-Masking | OpenReview,8.933992385864258
Federated Adversarial Domain Adaptation | OpenReview,5.635610103607178
Match prediction from group comparison data using neural networks | OpenReview,8.92864990234375
Multi-step Greedy Policies in Model-Free Deep Reinforcement Learning | OpenReview,3.939434289932251
XD: Cross-lingual Knowledge Distillation for Polyglot Sentence Embeddings | OpenReview,7.048732280731201
MMA Training: Direct Input Space Margin Maximization through Adversarial Training | OpenReview,8.285867691040039
SEED RL: Scalable and Efficient Deep-RL with Accelerated Central Inference | OpenReview,6.476899147033691
Perturbations are not Enough: Generating Adversarial Examples with Spatial Distortions | OpenReview,7.1978302001953125
Generalized Inner Loop Meta-Learning | OpenReview,5.1978044509887695
High-Frequency guided Curriculum Learning for Class-specific Object Boundary Detection | OpenReview,5.5063982009887695
Inductive and Unsupervised Representation Learning on Graph Structured Objects | OpenReview,7.655902862548828
Towards an Adversarially Robust Normalization Approach | OpenReview,7.895840644836426
Deep Learning-Based Average Consensus | OpenReview,8.042162895202637
Meta Dropout: Learning to Perturb Latent Features for Generalization | OpenReview,7.4493608474731445
Discovering Motor Programs by Recomposing Demonstrations | OpenReview,6.099749565124512
TriMap: Large-scale Dimensionality Reduction Using Triplets | OpenReview,8.516385078430176
Optimal Strategies Against Generative Attacks | OpenReview,7.777681350708008
Scoring-Aggregating-Planning: Learning task-agnostic priors from interactions and sparse rewards for zero-shot generalization | OpenReview,8.504298210144043
Generating Multi-Sentence Abstractive Summaries of Interleaved Texts | OpenReview,6.713940620422363
Uncertainty-Aware Prediction for Graph Neural Networks | OpenReview,5.755735874176025
Collaborative Generated Hashing for Market Analysis and Fast Cold-start Recommendation | OpenReview,6.660670757293701
Extreme Classification via Adversarial Softmax Approximation | OpenReview,8.6856689453125
Augmenting Non-Collaborative Dialog Systems with Explicit Semantic and Strategic Dialog History | OpenReview,4.532552719116211
Learning to Transfer via Modelling Multi-level Task Dependency | OpenReview,9.324625015258789
Learning Compact Embedding Layers via Differentiable Product Quantization | OpenReview,8.969815254211426
A Quality-Diversity Controllable GAN for Text Generation | OpenReview,6.763894081115723
The Blessing of Dimensionality: An Empirical Study of Generalization | OpenReview,7.101960182189941
Quantifying uncertainty with GAN-based priors | OpenReview,6.539254665374756
A bi-diffusion based layer-wise sampling method for deep learning in large graphs | OpenReview,1.2561599016189575
Classification-Based Anomaly Detection for General Data | OpenReview,3.69690203666687
Economy Statistical Recurrent Units For Inferring Nonlinear Granger Causality | OpenReview,6.40595006942749
Batch-shaping for learning conditional channel gated networks | OpenReview,6.370955467224121
Unsupervised domain adaptation with imputation | OpenReview,5.1035075187683105
BOOSTING ENCODER-DECODER CNN FOR INVERSE PROBLEMS | OpenReview,6.444369792938232
Learning Space Partitions for Nearest Neighbor Search | OpenReview,6.683559894561768
Optimistic Adaptive Acceleration for Optimization | OpenReview,6.193349838256836
Robustness Verification for Transformers | OpenReview,7.901173114776611
Wide Neural Networks are Interpolating Kernel Methods: Impact of Initialization on Generalization | OpenReview,6.7311201095581055
Neural Communication Systems with Bandwidth-limited Channel | OpenReview,5.151762008666992
Unsupervised Hierarchical Graph Representation Learning with Variational Bayes | OpenReview,7.545907497406006
Mixed Precision DNNs: All you need is a good parametrization | OpenReview,6.79536771774292
Off-policy Bandits with Deficient Support | OpenReview,7.42852258682251
Demystifying Inter-Class Disentanglement | OpenReview,6.425178527832031
Locally Constant Networks | OpenReview,3.1820931434631348
Domain Adaptation via Low-Rank Basis Approximation | OpenReview,7.230615615844727
Understanding the functional and structural differences across excitatory and inhibitory neurons | OpenReview,7.8990583419799805
The function of contextual illusions | OpenReview,8.764511108398438
Not All Features Are Equal: Feature Leveling Deep Neural Networks for Better Interpretation | OpenReview,6.089388370513916
Leveraging Simple Model Predictions for Enhancing its Performance | OpenReview,3.7747297286987305
Learning Human Postural Control with Hierarchical Acquisition Functions | OpenReview,7.901424884796143
A Meta-Transfer Objective for Learning to Disentangle Causal Mechanisms | OpenReview,6.722868919372559
Automated Relational Meta-learning | OpenReview,7.816526889801025
Exploratory Not Explanatory: Counterfactual Analysis of Saliency Maps for Deep RL | OpenReview,7.512191295623779
Dynamic Model Pruning with Feedback | OpenReview,4.78743314743042
Moniqua: Modulo Quantized Communication in Decentralized SGD | OpenReview,7.23969841003418
Training-Free Uncertainty Estimation for Neural Networks | OpenReview,4.907093524932861
LOSSLESS SINGLE IMAGE SUPER RESOLUTION FROM LOW-QUALITY JPG IMAGES | OpenReview,6.468182563781738
Physics-Aware Flow Data Completion Using Neural Inpainting | OpenReview,7.742523670196533
Conversation Generation with Concept Flow | OpenReview,5.353360176086426
Potential Flow Generator with $L_2$ Optimal Transport Regularity for Generative Models | OpenReview,7.746869087219238
Variational Autoencoders with Normalizing Flow Decoders | OpenReview,6.411196708679199
GraphAF: a Flow-based Autoregressive Model for Molecular Graph Generation | OpenReview,6.741731643676758
An Explicitly Relational Neural Network Architecture | OpenReview,7.6802978515625
Mutual Information Gradient Estimation for Representation Learning | OpenReview,5.900497913360596
Deep neuroethology of a virtual rodent | OpenReview,8.096391677856445
Learning Effective Exploration Strategies For Contextual Bandits | OpenReview,5.031614780426025
Learning Adversarial Grammars for Future Prediction | OpenReview,3.8257172107696533
Decoupling Representation and Classifier for Long-Tailed Recognition | OpenReview,8.780778884887695
Estimating Gradients for Discrete Random Variables by Sampling without Replacement | OpenReview,8.641759872436523
TreeCaps: Tree-Structured Capsule Networks for Program Source Code Processing | OpenReview,7.86544132232666
Data-dependent Gaussian Prior Objective for Language Generation | OpenReview,7.023728847503662
"OPTIMAL TRANSPORT, CYCLEGAN, AND PENALIZED LS FOR UNSUPERVISED LEARNING IN INVERSE PROBLEMS | OpenReview",7.672867298126221
Task-agnostic Continual Learning via Growing Long-Term Memory Networks | OpenReview,3.4226953983306885
A Syntax-Aware Approach for Unsupervised Text Style Transfer | OpenReview,3.9467673301696777
Low Bias Gradient Estimates for Very Deep Boolean Stochastic Networks | OpenReview,7.532918453216553
Curvature-based Robustness Certificates against Adversarial Examples | OpenReview,5.275178909301758
Model-Agnostic Feature Selection with Additional Mutual Information | OpenReview,8.655744552612305
GraphNVP: an Invertible Flow-based Model for Generating Molecular Graphs | OpenReview,5.652088165283203
MobileBERT: Task-Agnostic Compression of BERT by Progressive Knowledge Transfer | OpenReview,7.276959419250488
MGP-AttTCN: An Interpretable Machine Learning Model for the Prediction of Sepsis | OpenReview,7.804214954376221
Universal Safeguarded Learned Convex Optimization with Guaranteed Convergence | OpenReview,8.346885681152344
Accelerating SGD with momentum for over-parameterized learning | OpenReview,6.411535263061523
Meta-Dataset: A Dataset of Datasets for Learning to Learn from Few Examples | OpenReview,7.684391975402832
Low Bias Gradient Estimates for Very Deep Boolean Stochastic Networks | OpenReview,7.492964744567871
Kernelized Wasserstein Natural Gradient | OpenReview,5.752638339996338
NAS-Bench-102: Extending the Scope of Reproducible Neural Architecture Search | OpenReview,7.772336959838867
A Mean-Field Theory for Kernel Alignment with Random Features in Generative Adverserial Networks | OpenReview,7.616025924682617
Detecting Noisy Training Data with Loss Curves | OpenReview,5.178234100341797
An Optimization Principle Of Deep Learning? | OpenReview,8.936202049255371
Learning to Plan in High Dimensions via Neural Exploration-Exploitation Trees | OpenReview,7.055929660797119
A Gradient-Based Approach to Neural Networks Structure Learning | OpenReview,7.259272575378418
Universal Safeguarded Learned Convex Optimization with Guaranteed Convergence | OpenReview,1.4441373348236084
DeFINE: Deep Factorized Input Word Embeddings for Neural Sequence Modeling | OpenReview,6.176888942718506
RefNet: Automatic Essay Scoring by Pairwise Comparison | OpenReview,8.5552339553833
An Inductive Bias for Distances: Neural Nets that Respect the Triangle Inequality | OpenReview,6.829154968261719
GMM-UNIT: Unsupervised Multi-Domain and Multi-Modal Image-to-Image Translation via Attribute Gaussian Mixture Modelling | OpenReview,3.365635633468628
Domain-Independent Dominance of Adaptive Methods | OpenReview,1.3957810401916504
A Signal Propagation Perspective for Pruning Neural Networks at Initialization | OpenReview,6.986278533935547
PCMC-Net: Feature-based Pairwise Choice Markov Chains | OpenReview,7.2407331466674805
Superbloom: Bloom filter meets Transformer | OpenReview,7.851935863494873
Structural Multi-agent Learning | OpenReview,6.841282844543457
Regularizing Deep Multi-Task Networks using Orthogonal Gradients | OpenReview,7.421267032623291
TOWARDS FEATURE SPACE ADVERSARIAL ATTACK | OpenReview,7.808370590209961
The Intriguing Effects of Focal Loss on the Calibration of Deep Neural Networks | OpenReview,8.810638427734375
Thwarting finite difference adversarial attacks with output randomization | OpenReview,9.251420021057129
Deep Learning-Based Average Consensus | OpenReview,7.671414852142334
Hardware-aware One-Shot Neural Architecture Search in Coordinate Ascent Framework | OpenReview,6.884204387664795
Diagnosing the Environment Bias in Vision-and-Language Navigation | OpenReview,7.808008670806885
Out-of-Distribution Image Detection Using the Normalized Compression Distance | OpenReview,2.7659311294555664
Generating Biased Datasets for Neural Natural Language Processing | OpenReview,6.511791229248047
Logic and the 2-Simplicial Transformer | OpenReview,7.154898166656494
Learning to Link | OpenReview,5.763258934020996
Meta-Graph: Few shot Link Prediction via Meta Learning | OpenReview,7.699974536895752
Thieves on Sesame Street! Model Extraction of BERT-based APIs | OpenReview,5.72305965423584
Representing Model Uncertainty of Neural Networks in Sparse Information Form | OpenReview,6.411844253540039
DropEdge: Towards Deep Graph Convolutional Networks on Node Classification | OpenReview,5.818837642669678
Generalized Zero-shot ICD Coding | OpenReview,4.960916519165039
Adversarial Robustness as a Prior for Learned Representations | OpenReview,8.76718521118164
Context Based Machine Translation With Recurrent Neural Network For English-Amharic Translation | OpenReview,7.96678352355957
Meta-Learning with Warped Gradient Descent | OpenReview,5.858384132385254
MGP-AttTCN: An Interpretable Machine Learning Model for the Prediction of Sepsis | OpenReview,6.156035900115967
How Does Learning Rate Decay Help Modern Neural Networks? | OpenReview,8.58015251159668
FEW-SHOT LEARNING ON GRAPHS VIA SUPER-CLASSES BASED ON GRAPH SPECTRAL MEASURES | OpenReview,5.910726070404053
Mixture Distributions for Scalable Bayesian Inference | OpenReview,9.211806297302246
Elastic-InfoGAN: Unsupervised Disentangled Representation Learning in Imbalanced Data | OpenReview,8.948075294494629
Simplified Action Decoder for Deep Multi-Agent Reinforcement Learning | OpenReview,7.383158206939697
TinyBERT: Distilling BERT for Natural Language Understanding | OpenReview,6.747863292694092
Learning Algorithmic Solutions to Symbolic Planning Tasks with a Neural Computer | OpenReview,8.80412769317627
Multi-hop Question Answering via Reasoning Chains | OpenReview,6.050410270690918
Learning from Label Proportions with Consistency Regularization | OpenReview,9.121495246887207
Teaching GAN to generate per-pixel annotation | OpenReview,7.349287986755371
Depth-Recurrent Residual Connections for Super-Resolution of Real-Time Renderings | OpenReview,6.583793640136719
Discriminator Based Corpus Generation for General Code Synthesis | OpenReview,4.213415145874023
Last-iterate convergence rates for min-max optimization | OpenReview,9.578291893005371
VAENAS: Sampling Matters in Neural Architecture Search | OpenReview,7.608405113220215
Neural Arithmetic Unit by reusing many small pre-trained networks | OpenReview,7.860818862915039
Variational Hashing-based Collaborative Filtering with Self-Masking | OpenReview,8.47195816040039
Feature-based Augmentation for Semi-Supervised Learning | OpenReview,8.448299407958984
SEERL : Sample Efficient Ensemble Reinforcement Learning | OpenReview,6.303187370300293
Black Box Recursive Translations for Molecular Optimization | OpenReview,7.37031364440918
Learning Similarity Metrics for Numerical Simulations | OpenReview,8.153432846069336
Continuous Adaptation in Multi-agent Competitive Environments | OpenReview,7.932769775390625
Adaptive Learned Bloom Filter (Ada-BF): Efficient Utilization of the Classifier | OpenReview,6.907745838165283
A Function Space View of Bounded Norm Infinite Width ReLU Nets: The Multivariate Case | OpenReview,6.80230712890625
Adapt-to-Learn: Policy Transfer in Reinforcement Learning | OpenReview,7.225570201873779
Diagnosing the Environment Bias in Vision-and-Language Navigation | OpenReview,6.811709403991699
Shallow VAEs with RealNVP Prior Can Perform as Well as Deep Hierarchical VAEs | OpenReview,7.96879768371582
Learning Compact Reward for Image Captioning | OpenReview,7.911105632781982
Understanding Top-k Sparsification in Distributed Deep Learning | OpenReview,8.535347938537598
Short and Sparse Deconvolution --- A Geometric Approach | OpenReview,4.634324550628662
Improving and Stabilizing Deep Energy-Based Learning | OpenReview,6.578749656677246
What graph neural networks cannot learn: depth vs width | OpenReview,7.91351318359375
Understanding and Training Deep Diagonal Circulant Neural Networks | OpenReview,4.383993625640869
On Generalization Error Bounds of Noisy Gradient Methods for Non-Convex Learning | OpenReview,9.735677719116211
Learning Good Policies By Learning Good Perceptual Models | OpenReview,7.136430740356445
Diving into Optimization of Topology in Neural Networks | OpenReview,6.265687942504883
Towards Understanding the Spectral Bias of Deep Learning | OpenReview,5.861878871917725
Extractor-Attention Network: A New Attention Network with Hybrid Encoders for Chinese Text Classification | OpenReview,7.479940891265869
IEG: Robust neural net training with severe label noises | OpenReview,8.002800941467285
Conditional Invertible Neural Networks for Guided Image Generation | OpenReview,8.578474998474121
Learning Deep-Latent Hierarchies by Stacking Wasserstein Autoencoders | OpenReview,8.400912284851074
A Greedy Approach to Max-Sliced Wasserstein GANs | OpenReview,9.056364059448242
A novel Bayesian estimation-based word embedding model for sentiment analysis | OpenReview,6.717249393463135
How does Lipschitz Regularization Influence GAN Training? | OpenReview,5.949721336364746
Hierarchical Summary-to-Article Generation | OpenReview,7.511051177978516
Variational Hetero-Encoder Randomized GANs for Joint Image-Text Modeling | OpenReview,7.409986972808838
Differentiation of Blackbox Combinatorial Solvers | OpenReview,8.227038383483887
Projection Based Constrained Policy Optimization | OpenReview,5.886079788208008
A Baseline for Few-Shot Image Classification | OpenReview,8.37790584564209
Discriminative Particle Filter Reinforcement Learning for Complex Partial observations | OpenReview,5.6524858474731445
Perturbations are not Enough: Generating Adversarial Examples with Spatial Distortions | OpenReview,6.058291912078857
Discovering the compositional structure of vector representations with Role Learning Networks | OpenReview,6.968016624450684
Scalable Differentially Private Data Generation via Private Aggregation of Teacher Ensembles | OpenReview,5.0064263343811035
Wasserstein Robust Reinforcement Learning | OpenReview,6.683347702026367
Disentangling Improves VAEs* Robustness to Adversarial Attacks | OpenReview,6.605879783630371
Robust Subspace Recovery Layer for Unsupervised Anomaly Detection | OpenReview,6.745959758758545
Characterize and Transfer Attention in Graph Neural Networks | OpenReview,5.709412574768066
Unsupervised Spatiotemporal Data Inpainting | OpenReview,6.08997917175293
Discriminability Distillation in Group Representation Learning | OpenReview,6.199625015258789
MMD GAN with Random-Forest Kernels | OpenReview,6.436285018920898
Expected Information Maximization: Using the I-Projection for Mixture Density Estimation | OpenReview,8.588371276855469
Learning Numeral Embedding | OpenReview,7.5978546142578125
Generative Adversarial Nets for Multiple Text Corpora | OpenReview,9.118553161621094
Randomness in Deconvolutional Networks for Visual Representation | OpenReview,8.522636413574219
Evolutionary Population Curriculum for Scaling Multi-Agent Reinforcement Learning | OpenReview,7.297236442565918
Smooth markets: A basic mechanism for organizing gradient-based learners | OpenReview,7.026467800140381
Meta Label Correction for Learning with Weak Supervision | OpenReview,1.6038403511047363
Variational Information Bottleneck for Unsupervised Clustering: Deep Gaussian Mixture Embedding | OpenReview,6.740577220916748
Safe Policy Learning for Continuous Control | OpenReview,6.912217140197754
A Simple Geometric Proof for the Benefit of Depth in ReLU Networks | OpenReview,5.4439921379089355
Transferring Optimality Across Data Distributions via Homotopy Methods | OpenReview,8.738431930541992
Effective Mechanism to Mitigate Injuries During NFL Plays | OpenReview,6.116839408874512
Unsupervised Meta-Learning for Reinforcement Learning | OpenReview,5.589073181152344
EMPIR: Ensembles of Mixed Precision Deep Networks for Increased Robustness Against Adversarial Attacks | OpenReview,8.098817825317383
RAT-SQL: Relation-Aware Schema Encoding and Linking for Text-to-SQL Parsers | OpenReview,8.00594425201416
CNAS: Channel-Level Neural Architecture Search | OpenReview,6.847723484039307
Cross-Iteration Batch Normalization | OpenReview,7.821578025817871
Improving Sequential Latent Variable Models with Autoregressive Flows | OpenReview,9.3949613571167
Gradient-Based Neural DAG Learning | OpenReview,7.838417053222656
LSTOD: Latent Spatial-Temporal Origin-Destination prediction model and its applications in ride-sharing platforms | OpenReview,7.360812187194824
Causal Discovery with Reinforcement Learning | OpenReview,5.261726379394531
Sparse Weight Activation Training | OpenReview,5.900082111358643
Self-Attentional Credit Assignment for Transfer in Reinforcement Learning | OpenReview,5.526790618896484
Visual Representation Learning with 3D View-Constrastive Inverse Graphics Networks | OpenReview,7.392212867736816
A Learning-based Iterative Method for Solving Vehicle Routing Problems | OpenReview,8.132243156433105
Neural Video Encoding | OpenReview,6.749988079071045
Deep End-to-end Unsupervised Anomaly Detection | OpenReview,7.794219970703125
Is There Mode Collapse? A Case Study on Face Generation and Its Black-box Calibration | OpenReview,7.218021392822266
Robust Domain Randomization for Reinforcement Learning | OpenReview,7.151551723480225
Posterior Control of Blackbox Generation | OpenReview,8.560416221618652
A NEW POINTWISE CONVOLUTION IN DEEP NEURAL NETWORKS THROUGH EXTREMELY FAST AND NON PARAMETRIC TRANSFORMS | OpenReview,8.824844360351562
HaarPooling: Graph Pooling with Compressive Haar Basis | OpenReview,5.795941352844238
On the geometry and learning low-dimensional embeddings for directed graphs | OpenReview,6.024255275726318
The Logical Expressiveness of Graph Neural Networks | OpenReview,6.171436309814453
ConQUR: Mitigating Delusional Bias in Deep Q-Learning | OpenReview,6.998745441436768
Learning to Reach Goals Without Reinforcement Learning | OpenReview,6.4453277587890625
Discriminability Distillation in Group Representation Learning | OpenReview,8.89915657043457
Differentiable Hebbian Consolidation for Continual Learning | OpenReview,8.518077850341797
Imagine That! Leveraging Emergent Affordances for Tool Synthesis in Reaching Tasks | OpenReview,1.2320406436920166
Frequency-based Search-control in Dyna | OpenReview,5.057963848114014
Which Tasks Should Be Learned Together in Multi-task Learning? | OpenReview,6.096207618713379
Benefit of Interpolation in Nearest Neighbor Algorithms | OpenReview,8.093374252319336
Off-policy Multi-step Q-learning | OpenReview,9.41866397857666
A Copula approach for hyperparameter transfer learning | OpenReview,6.201014041900635
Neural Approximation of an Auto-Regressive Process through Confidence Guided Sampling | OpenReview,7.941424369812012
When Robustness Doesn’t Promote Robustness: Synthetic vs. Natural Distribution Shifts on ImageNet | OpenReview,8.809850692749023
Reweighted Proximal Pruning for Large-Scale Language Representation | OpenReview,7.027424335479736
Deep Hierarchical-Hyperspherical Learning (DH^2L) | OpenReview,7.764421463012695
On the *steerability* of generative adversarial networks | OpenReview,6.180325508117676
Towards Principled Objectives for Contrastive Disentanglement | OpenReview,7.480109214782715
AdaGAN: Adaptive GAN for Many-to-Many Non-Parallel Voice Conversion | OpenReview,9.031991958618164
Adversarial Training Generalizes Data-dependent Spectral Norm Regularization | OpenReview,7.399129390716553
Discovering Motor Programs by Recomposing Demonstrations | OpenReview,6.062567234039307
A Theoretical Analysis of the Number of Shots in Few-Shot Learning | OpenReview,7.9602837562561035
Pretrained Encyclopedia: Weakly Supervised Knowledge-Pretrained Language Model | OpenReview,7.410334587097168
Towards Interpreting Deep Neural Networks via Understanding Layer Behaviors | OpenReview,6.694559097290039
Robust saliency maps with distribution-preserving decoys | OpenReview,1.2316211462020874
Coordinated Exploration via Intrinsic Rewards for Multi-Agent Reinforcement Learning | OpenReview,3.2906033992767334
Adversarial Privacy Preservation under Attribute Inference Attack | OpenReview,7.746323108673096
Natural Language Adversarial Attack and Defense in Word Level | OpenReview,8.830724716186523
TrojanNet: Exposing the Danger of Trojan Horse Attack on Neural Networks | OpenReview,9.50018310546875
Collaborative Filtering With A Synthetic Feedback Loop | OpenReview,6.952388286590576
ROBUST DISCRIMINATIVE REPRESENTATION LEARNING VIA GRADIENT RESCALING: AN EMPHASIS REGULARISATION PERSPECTIVE | OpenReview,6.757890701293945
Style-based Encoder Pre-training for Multi-modal Image Synthesis | OpenReview,6.118713855743408
Learning by shaking: Computing policy gradients by physical forward-propagation | OpenReview,7.903785228729248
Quantifying Layerwise Information Discarding of Neural Networks and Beyond | OpenReview,5.785256385803223
Improving Semantic Parsing with Neural Generator-Reranker Architecture | OpenReview,9.327959060668945
Understanding the Limitations of Variational Mutual Information Estimators | OpenReview,6.233711242675781
Frequency Pooling: Shift-Equivalent and Anti-Aliasing Down Sampling | OpenReview,5.327823638916016
Deep Generative Classifier for Out-of-distribution Sample Detection | OpenReview,9.550437927246094
Towards Understanding the Transferability of Deep Representations | OpenReview,6.36378288269043
How noise affects the Hessian spectrum in overparameterized neural networks | OpenReview,6.902283668518066
Improving the robustness of ImageNet classifiers using elements of human visual cognition | OpenReview,7.034423828125
Machine Truth Serum | OpenReview,5.752511978149414
Do Image Classifiers Generalize Across Time? | OpenReview,8.47270393371582
Random Partition Relaxation for Training Binary and Ternary Weight Neural Network | OpenReview,8.171935081481934
Disentangled Cumulants Help Successor Representations Transfer to New Tasks | OpenReview,8.40119457244873
Open-Set Domain Adaptation with Category-Agnostic Clusters | OpenReview,4.2116217613220215
Learning Through Limited Self-Supervision: Improving Time-Series Classification Without Additional Data via Auxiliary Tasks | OpenReview,6.674304962158203
Certified Robustness to Adversarial Label-Flipping Attacks via Randomized Smoothing | OpenReview,6.178876876831055
Comparing Fine-tuning and Rewinding in Neural Network Pruning | OpenReview,7.506190299987793
Stochastic AUC Maximization with Deep Neural Networks | OpenReview,6.4278764724731445
BlockSwap: Fisher-guided Block Substitution for Network Compression on a Budget | OpenReview,7.194881916046143
QXplore: Q-Learning Exploration by Maximizing Temporal Difference Error | OpenReview,3.625814199447632
Regularly varying representation for sentence embedding | OpenReview,7.2609148025512695
Training Generative Adversarial Networks from Incomplete Observations using Factorised Discriminators | OpenReview,7.493834495544434
Mixture-of-Experts Variational Autoencoder for clustering and generating from similarity-based representations | OpenReview,5.4819769859313965
Deep Learning of Determinantal Point Processes via Proper Spectral Sub-gradient | OpenReview,7.406091690063477
DOUBLE-HARD DEBIASING: TAILORING WORD EMBEDDINGS FOR GENDER BIAS MITIGATION | OpenReview,6.714117050170898
Axial Attention in Multidimensional Transformers | OpenReview,5.141374111175537
Learning from Imperfect Annotations: An End-to-End Approach | OpenReview,8.168739318847656
Improved Structural Discovery and Representation Learning of Multi-Agent Data | OpenReview,6.389959812164307
"A critical analysis of self-supervision, or what we can learn from a single image | OpenReview",7.3335676193237305
CURSOR-BASED ADAPTIVE QUANTIZATION FOR DEEP NEURAL NETWORK | OpenReview,7.644641876220703
LEARNED STEP SIZE QUANTIZATION | OpenReview,6.686564922332764
Deep Nonlinear Stochastic Optimal Control for Systems with Multiplicative Uncertainties | OpenReview,2.216949939727783
Combining MixMatch and Active Learning for Better Accuracy with Fewer Labels | OpenReview,8.788562774658203
Demonstration Actor Critic | OpenReview,6.954187393188477
First-Order Preconditioning via Hypergradient Descent | OpenReview,6.366464614868164
Measuring Compositional Generalization: A Comprehensive Method on Realistic Data | OpenReview,5.180938243865967
Going Deeper with Lean Point Networks | OpenReview,7.920804023742676
Function Feature Learning of Neural Networks | OpenReview,6.593944549560547
How Does Learning Rate Decay Help Modern Neural Networks? | OpenReview,7.763253688812256
RPGAN: random paths as a latent space for GAN interpretability | OpenReview,7.699154853820801
SCL: Towards Accurate Domain Adaptive Object Detection via Gradient Detach Based Stacked Complementary Losses | OpenReview,9.247812271118164
Why Convolutional Networks Learn Oriented Bandpass Filters: A Hypothesis | OpenReview,8.990367889404297
Graph convolutional networks for learning with few clean and many noisy labels | OpenReview,5.910038471221924
VariBAD: A Very Good Method for Bayes-Adaptive Deep RL via Meta-Learning | OpenReview,7.679584503173828
Locally adaptive activation functions with slope recovery term for deep and physics-informed neural networks | OpenReview,5.9665727615356445
Dirichlet Wrapper to Quantify Classification Uncertainty in Black-Box Systems | OpenReview,8.567041397094727
Molecular Graph Enhanced Transformer for Retrosynthesis Prediction | OpenReview,6.677720069885254
DS-VIC: Unsupervised Discovery of Decision States for Transfer in RL | OpenReview,8.643503189086914
A TARGET-AGNOSTIC ATTACK ON DEEP MODELS: EXPLOITING SECURITY VULNERABILITIES OF TRANSFER LEARNING | OpenReview,6.630265235900879
On the expected running time of nonconvex optimization with early stopping | OpenReview,9.538236618041992
GENN: Predicting Correlated Drug-drug Interactions with Graph Energy Neural Networks | OpenReview,7.054121494293213
Identifying Weights and Architectures of Unknown ReLU Networks | OpenReview,8.79195499420166
Potential Flow Generator with $L_2$ Optimal Transport Regularity for Generative Models | OpenReview,5.40596866607666
"Deep Imitative Models for Flexible Inference, Planning, and Control | OpenReview",5.754251480102539
A?MCTS: SEARCH WITH THEORETICAL GUARANTEE USING POLICY AND VALUE FUNCTIONS | OpenReview,7.453251361846924
Neural Tangents: Fast and Easy Infinite Neural Networks in Python | OpenReview,4.299204349517822
Training Deep Neural Networks by optimizing over nonlocal paths in hyperparameter space | OpenReview,4.101903915405273
Unsupervised Learning of Automotive 3D Crash Simulations using LSTMs | OpenReview,6.688225269317627
Knowledge Graph Embedding: A Probabilistic Perspective and Generalization Bounds | OpenReview,6.416090965270996
Regularization Matters in Policy Optimization | OpenReview,7.4223246574401855
Efficient Content-Based Sparse Attention with Routing Transformers | OpenReview,3.1942410469055176
Extreme Triplet Learning: Effectively Optimizing Easy Positives and Hard Negatives | OpenReview,8.63166332244873
Learning to Make Generalizable and Diverse Predictions for Retrosynthesis | OpenReview,6.203361511230469
Multi-Agent Interactions Modeling with Correlated Policies | OpenReview,7.86000919342041
Neural Execution of Graph Algorithms | OpenReview,7.696865081787109
SNODE: Spectral Discretization of Neural ODEs for System Identification | OpenReview,7.395557880401611
FR-GAN: Fair and Robust Training | OpenReview,7.739719867706299
Subgraph Attention for Node Classification and Hierarchical Graph Pooling | OpenReview,8.871259689331055
Learning Invariants through Soft Unification | OpenReview,7.955374240875244
Automated curriculum generation through setter-solver interactions | OpenReview,7.4877543449401855
Learning De-biased Representations with Biased Representations | OpenReview,7.870138645172119
AMRL: Aggregated Memory For Reinforcement Learning | OpenReview,5.598116874694824
Statistically Consistent Saliency Estimation | OpenReview,7.727688789367676
Unsupervised Distillation of Syntactic Information from Contextualized Word Representations | OpenReview,2.0639076232910156
Thinking While Moving: Deep Reinforcement Learning with Concurrent Control | OpenReview,8.59583568572998
DS-VIC: Unsupervised Discovery of Decision States for Transfer in RL | OpenReview,6.20005464553833
Mitigating Posterior Collapse in Strongly Conditioned Variational Autoencoders | OpenReview,6.098739147186279
NESTED LEARNING FOR MULTI-GRANULAR TASKS | OpenReview,6.198086738586426
Unsupervised Learning of Automotive 3D Crash Simulations using LSTMs | OpenReview,7.492473602294922
Poisoning Attacks with Generative Adversarial Nets | OpenReview,9.17232608795166
Neural Subgraph Isomorphism Counting | OpenReview,7.746533393859863
Geometry-aware Generation of Adversarial and Cooperative Point Clouds | OpenReview,6.832912921905518
Progressive Upsampling Audio Synthesis via Effective Adversarial Training | OpenReview,8.998064994812012
Deep Neural Forests: An Architecture for Tabular Data | OpenReview,4.940141677856445
ICNN: INPUT-CONDITIONED FEATURE REPRESENTATION LEARNING FOR TRANSFORMATION-INVARIANT NEURAL NETWORK | OpenReview,6.465947151184082
Probabilistic Connection Importance Inference and Lossless Compression of Deep Neural Networks | OpenReview,6.707906246185303
Learning Underlying Physical Properties From Observations For Trajectory Prediction | OpenReview,8.452380180358887
"Fast Linear Interpolation for Piecewise-Linear Functions, GAMs, and Deep Lattice Networks | OpenReview",7.620853900909424
Adversarial Interpolation Training: A Simple Approach for Improving Model Robustness | OpenReview,5.936773300170898
Deep Semi-Supervised Anomaly Detection | OpenReview,8.942553520202637
Meta Reinforcement Learning with Autonomous Inference of Subtask Dependencies | OpenReview,6.761369705200195
Reinforced Genetic Algorithm Learning for Optimizing Computation Graphs | OpenReview,6.791687965393066
Semi-supervised Autoencoding Projective Dependency Parsing | OpenReview,8.53131103515625
Optimizing Loss Landscape Connectivity via Neuron Alignment | OpenReview,8.111953735351562
Why Does the VQA Model Answer No?: Improving Reasoning through Visual and Linguistic Inference | OpenReview,6.937870979309082
Adversarial Robustness Against the Union of Multiple Perturbation Models | OpenReview,7.82600212097168
Watch the Unobserved: A Simple Approach to Parallelizing Monte Carlo Tree Search | OpenReview,2.679415225982666
Continuous Meta-Learning without Tasks | OpenReview,6.168951034545898
Pragmatic Evaluation of Adversarial Examples in Natural Language | OpenReview,6.858775615692139
Impact of the latent space on the ability of GANs to fit the distribution | OpenReview,9.177749633789062
Fair Resource Allocation in Federated Learning | OpenReview,9.179702758789062
"Generative Hierarchical Models for Parts, Objects, and Scenes | OpenReview",7.373963832855225
Escaping Saddle Points Faster with Stochastic Momentum | OpenReview,9.68478775024414
TWIN GRAPH CONVOLUTIONAL NETWORKS: GCN WITH DUAL GRAPH SUPPORT FOR SEMI-SUPERVISED LEARNING | OpenReview,6.576534271240234
Deep 3D-Zoom Net: Unsupervised Learning of Photo-Realistic 3D-Zoom | OpenReview,7.54649543762207
Prediction Poisoning: Towards Defenses Against DNN Model Stealing Attacks | OpenReview,7.763368606567383
Active Learning Graph Neural Networks via Node Feature Propagation | OpenReview,6.081958770751953
Adversarial Neural Pruning | OpenReview,8.313794136047363
A Functional Characterization of Randomly Initialized Gradient Descent in Deep ReLU Networks | OpenReview,8.101020812988281
Measuring causal influence with back-to-back regression: the linear case | OpenReview,8.122655868530273
Quantum Optical Experiments Modeled by Long Short-Term Memory | OpenReview,6.905241966247559
Coresets for Accelerating Incremental Gradient Methods | OpenReview,1.7786192893981934
GResNet: Graph Residual Network for Reviving Deep GNNs from Suspended Animation | OpenReview,8.576385498046875
Augmenting Non-Collaborative Dialog Systems with Explicit Semantic and Strategic Dialog History | OpenReview,7.742747783660889
Towards Interpretable Evaluations: A Case Study of Named Entity Recognition | OpenReview,7.23842716217041
Recurrent Neural Networks are Universal Filters | OpenReview,8.26880931854248
FACE SUPER-RESOLUTION GUIDED BY 3D FACIAL PRIORS | OpenReview,6.240389347076416
"Prediction, Consistency, Curvature: Representation Learning for Locally-Linear Control | OpenReview",5.150938510894775
Understanding Knowledge Distillation in Non-autoregressive Machine Translation | OpenReview,7.519003868103027
Emergent Communication in Networked Multi-Agent Reinforcement Learning | OpenReview,6.464023590087891
A Group-Theoretic Framework for Knowledge Graph Embedding | OpenReview,2.422926902770996
Smooth Kernels Improve Adversarial Robustness and Perceptually-Aligned Gradients | OpenReview,8.604353904724121
Visual Hide and Seek | OpenReview,4.6168646812438965
An Information Theoretic Perspective on Disentangled Representation Learning | OpenReview,7.4184794425964355
Slow Thinking Enables Task-Uncertain Lifelong and Sequential Few-Shot Learning | OpenReview,6.810130596160889
Reinforced Genetic Algorithm Learning for Optimizing Computation Graphs | OpenReview,7.0710554122924805
CURSOR-BASED ADAPTIVE QUANTIZATION FOR DEEP NEURAL NETWORK | OpenReview,9.373429298400879
Auto-Encoding Explanatory Examples | OpenReview,8.747088432312012
Near-Zero-Cost Differentially Private Deep Learning with Teacher Ensembles | OpenReview,5.3448357582092285
Learning Compositional Koopman Operators for Model-Based Control | OpenReview,1.9189378023147583
Training Generative Adversarial Networks from Incomplete Observations using Factorised Discriminators | OpenReview,6.2604146003723145
Collapsed amortized variational inference for switching nonlinear dynamical systems | OpenReview,6.611560821533203
Measuring and Improving the Use of Graph Information in Graph Neural Networks | OpenReview,6.612770080566406
Knockoff-Inspired Feature Selection via Generative Models | OpenReview,6.14730167388916
Understanding Architectures Learnt by Cell-based Neural Architecture Search | OpenReview,6.444396018981934
OPTIMAL BINARY QUANTIZATION FOR DEEP NEURAL NETWORKS | OpenReview,7.826991081237793
Deep Mining: Detecting Anomalous Patterns in Neural Network Activations with Subset Scanning | OpenReview,6.753492832183838
Improving Irregularly Sampled Time Series Learning with Dense Descriptors of Time | OpenReview,6.818241596221924
CaptainGAN: Navigate Through Embedding Space For Better Text Generation | OpenReview,7.136900901794434
Deep End-to-end Unsupervised Anomaly Detection | OpenReview,4.910585403442383
Utility Analysis of Network Architectures for 3D Point Cloud Processing | OpenReview,9.090246200561523
vq-wav2vec: Self-Supervised Learning of Discrete Speech Representations | OpenReview,8.221969604492188
Neural Machine Translation with Universal Visual Representation | OpenReview,8.073360443115234
When Covariate-shifted Data Augmentation Increases Test Error And How to Fix It | OpenReview,7.242591857910156
Neural Linear Bandits: Overcoming Catastrophic Forgetting through Likelihood Matching | OpenReview,6.985569477081299
Rapid Learning or Feature Reuse? Towards Understanding the Effectiveness of MAML | OpenReview,9.123798370361328
SAdam: A Variant of Adam for Strongly Convex Functions | OpenReview,8.351945877075195
A closer look at network resolution for efficient network design | OpenReview,6.523911952972412
Learning Multi-Agent Communication Through Structured Attentive Reasoning | OpenReview,5.37379264831543
Where is the Information in a Deep Network? | OpenReview,7.6866326332092285
Hierarchical Complement Objective Training | OpenReview,4.480047225952148
Goten: GPU-Outsourcing Trusted Execution of Neural Network Training and Prediction | OpenReview,2.953935384750366
Inductive Matrix Completion Based on Graph Neural Networks | OpenReview,7.731868267059326
Graph Warp Module: an Auxiliary Module for Boosting the Power of Graph Neural Networks in Molecular Graph Analysis | OpenReview,6.026372909545898
BasisVAE: Orthogonal Latent Space for Deep Disentangled Representation | OpenReview,6.327995300292969
Toward Understanding Generalization of Over-parameterized Deep ReLU network trained with SGD in Student-teacher Setting | OpenReview,6.220126152038574
On Incorporating Semantic Prior Knowlegde in Deep Learning Through Embedding-Space Constraints | OpenReview,7.844514846801758
Explaining Time Series by Counterfactuals | OpenReview,6.276338577270508
EvoNet: A Neural Network for Predicting the Evolution of Dynamic Graphs | OpenReview,5.795650482177734
Safe Policy Learning for Continuous Control | OpenReview,6.2758026123046875
Removing the Representation Error of GAN Image Priors Using the Deep Decoder | OpenReview,6.821307182312012
Correctness Verification of Neural Network | OpenReview,4.171730041503906
Symmetric-APL Activations: Training Insights and Robustness to Adversarial Attacks | OpenReview,5.7316999435424805
Towards Understanding the Transferability of Deep Representations | OpenReview,7.880589008331299
Posterior sampling for multi-agent reinforcement learning: solving extensive games with imperfect information | OpenReview,8.117938995361328
End-to-end learning of energy-based representations for irregularly-sampled signals and images | OpenReview,8.425118446350098
Mutual Mean-Teaching: Pseudo Label Refinery for Unsupervised Domain Adaptation on Person Re-identification | OpenReview,8.22519302368164
Bridging Mode Connectivity in Loss Landscapes and Adversarial Robustness | OpenReview,3.45928955078125
Learning transport cost from subset correspondence | OpenReview,5.554149150848389
Improved Generalization Bound of Permutation Invariant Deep Neural Networks | OpenReview,6.287860870361328
Continuous Graph Flow | OpenReview,4.927987098693848
Noisy Machines: Understanding noisy neural networks and enhancing robustness to analog hardware errors using distillation | OpenReview,5.739839553833008
DUAL ADVERSARIAL MODEL FOR GENERATING 3D POINT CLOUD | OpenReview,6.819952011108398
Coherent Gradients: An Approach to Understanding Generalization in Gradient Descent-based Optimization | OpenReview,8.59062385559082
Boosting Ticket: Towards Practical Pruning for Adversarial Training with Lottery Ticket Hypothesis | OpenReview,8.221062660217285
Scalable Differentially Private Data Generation via Private Aggregation of Teacher Ensembles | OpenReview,6.2764363288879395
When Covariate-shifted Data Augmentation Increases Test Error And How to Fix It | OpenReview,7.185762882232666
Modeling question asking using neural program generation | OpenReview,5.488483428955078
A Simple and Scalable Shape Representation for 3D Reconstruction | OpenReview,6.4994964599609375
VIMPNN: A physics informed neural network for estimating potential energies of out-of-equilibrium systems | OpenReview,8.680187225341797
A Stochastic Derivative Free Optimization Method with Momentum | OpenReview,7.4680986404418945
Searching to Exploit Memorization Effect in Learning from Corrupted Labels | OpenReview,6.354610443115234
EDUCE: Explaining model Decision through Unsupervised Concepts Extraction | OpenReview,6.356009483337402
Optimizing Data Usage via Differentiable Rewards | OpenReview,7.292284965515137
BERT for Sequence-to-Sequence Multi-Label Text Classification | OpenReview,8.52383041381836
Abstractive Dialog Summarization with Semantic Scaffolds | OpenReview,6.936314582824707
Adversarially robust transfer learning | OpenReview,6.636023998260498
Regional based query in graph active learning | OpenReview,7.693226337432861
Task-Based Top-Down Modulation Network for Multi-Task-Learning Applications | OpenReview,8.300898551940918
Learning Explainable Models Using Attribution Priors | OpenReview,8.377473831176758
Improving End-to-End Object Tracking Using Relational Reasoning | OpenReview,8.805166244506836
Learning RNNs with Commutative State Transitions | OpenReview,7.377837657928467
Metagross: Meta Gated Recursive Controller Units for Sequence Modeling | OpenReview,7.801417350769043
A Generative Model for Molecular Distance Geometry | OpenReview,3.672858715057373
Learning to Control Latent Representations for Few-Shot Learning of Named Entities | OpenReview,6.23069953918457
A Memory-augmented Neural Network by Resembling Human Cognitive Process of Memorization | OpenReview,6.4865264892578125
Towards Hierarchical Importance Attribution: Explaining Compositional Semantics for Neural Sequence Models | OpenReview,6.923421859741211
Context Based Machine Translation With Recurrent Neural Network For English-Amharic Translation | OpenReview,8.174837112426758
Gaussian MRF Covariance Modeling for Efficient Black-Box Adversarial Attacks | OpenReview,7.12576961517334
Amharic Text Normalization with Sequence-to-Sequence Models | OpenReview,8.566800117492676
Augmenting Genetic Algorithms with Deep Neural Networks for Exploring the Chemical Space | OpenReview,7.525638580322266
Undersensitivity in Neural Reading Comprehension | OpenReview,7.523352146148682
Learning with Social Influence through Interior Policy Differentiation | OpenReview,8.427059173583984
Recurrent Independent Mechanisms | OpenReview,8.727436065673828
Knockoff-Inspired Feature Selection via Generative Models | OpenReview,5.273670196533203
Disentangling neural mechanisms for perceptual grouping | OpenReview,8.41301155090332
Encoding word order in complex embeddings | OpenReview,6.975910186767578
On Need for Topology-Aware Generative Models for Manifold-Based Defenses | OpenReview,6.763819694519043
Diving into Optimization of Topology in Neural Networks | OpenReview,6.333016395568848
Quaternion Equivariant Capsule Networks for 3D Point Clouds | OpenReview,7.516409397125244
MACER: Attack-free and Scalable Robust Training via Maximizing Certified Radius | OpenReview,6.186554431915283
TOWARDS STABILIZING BATCH STATISTICS IN BACKWARD PROPAGATION OF BATCH NORMALIZATION | OpenReview,4.802609443664551
Locality and Compositionality in Zero-Shot Learning | OpenReview,6.791872978210449
Neuron ranking - an informed way to compress convolutional neural networks | OpenReview,8.387566566467285
A Neural Dirichlet Process Mixture Model for Task-Free Continual Learning | OpenReview,8.104183197021484
Compression without Quantization | OpenReview,7.313107490539551
You CAN Teach an Old Dog New Tricks! On Training Knowledge Graph Embeddings | OpenReview,7.050431728363037
LIA: Latently Invertible Autoencoder with Adversarial Learning | OpenReview,7.719525337219238
Attacking Lifelong Learning Models with Gradient Reversion | OpenReview,5.3556671142578125
Neural Symbolic Reader: Scalable Integration of Distributed and Symbolic Representations for Reading Comprehension | OpenReview,3.236398458480835
The fairness-accuracy landscape of neural classifiers | OpenReview,6.539569854736328
Learning Reusable Options for Multi-Task Reinforcement Learning | OpenReview,4.353508949279785
Model-based Saliency for the Detection of Adversarial Examples | OpenReview,6.973269939422607
Style-based Encoder Pre-training for Multi-modal Image Synthesis | OpenReview,4.973864555358887
CATER: A diagnostic dataset for Compositional Actions & TEmporal Reasoning | OpenReview,6.005032539367676
On the Evaluation of Conditional GANs | OpenReview,7.122759819030762
A Simple and Scalable Shape Representation for 3D Reconstruction | OpenReview,7.0057477951049805
Testing For Typicality with Respect to an Ensemble of Learned Distributions | OpenReview,7.237267017364502
AlignNet: Self-supervised Alignment Module | OpenReview,6.282939910888672
Deep Audio Prior | OpenReview,9.21745777130127
Domain-Independent Dominance of Adaptive Methods | OpenReview,5.922578811645508
Task-Mediated Representation Learning | OpenReview,7.8164963722229
Semi-Supervised Few-Shot Learning with Prototypical Random Walks | OpenReview,7.144089698791504
Towards Controllable and Interpretable Face Completion via Structure-Aware and Frequency-Oriented Attentive GANs | OpenReview,4.523579120635986
The Discriminative Jackknife: Quantifying Uncertainty in Deep Learning via Higher-Order Influence Functions | OpenReview,5.042545318603516
Perturbations are not Enough: Generating Adversarial Examples with Spatial Distortions | OpenReview,6.771416664123535
GenDICE: Generalized Offline Estimation of Stationary Values | OpenReview,4.812814712524414
Targeted sampling of enlarged neighborhood via Monte Carlo tree search for TSP | OpenReview,8.906882286071777
In-training Matrix Factorization for Parameter-frugal Neural Machine Translation | OpenReview,7.745515823364258
Multi-task Network Embedding with Adaptive Loss Weighting | OpenReview,6.400999069213867
MMA Training: Direct Input Space Margin Maximization through Adversarial Training | OpenReview,6.617969512939453
Provable Convergence and Global Optimality of Generative Adversarial Network | OpenReview,7.216147422790527
A FRAMEWORK FOR ROBUSTNESS CERTIFICATION OF SMOOTHED CLASSIFIERS USING F-DIVERGENCES | OpenReview,9.579400062561035
Single episode transfer for differing environmental dynamics in reinforcement learning | OpenReview,8.676640510559082
Skew-Fit: State-Covering Self-Supervised Reinforcement Learning | OpenReview,8.456071853637695
Deep Interaction Processes for Time-Evolving Graphs | OpenReview,6.775346755981445
Implicit competitive regularization in GANs | OpenReview,7.088985443115234
Pruned Graph Scattering Transforms | OpenReview,9.806922912597656
Exploiting Excessive Invariance caused by Norm-Bounded Adversarial Robustness | OpenReview,8.73047161102295
Perceptual Regularization: Visualizing and Learning Generalizable Representations | OpenReview,5.642038345336914
A Learning-based Iterative Method for Solving Vehicle Routing Problems | OpenReview,5.905298709869385
Attention Privileged Reinforcement Learning for Domain Transfer | OpenReview,4.8936004638671875
AtomNAS: Fine-Grained End-to-End Neural Architecture Search | OpenReview,6.938186168670654
Likelihood Contribution based Multi-scale Architecture for Generative Flows | OpenReview,1.6167247295379639
Trajectory representation learning for Multi-Task NMRDPs planning | OpenReview,8.900755882263184
On Federated Learning of Deep Networks from Non-IID Data: Parameter Divergence and the Effects of Hyperparametric Methods | OpenReview,5.417535305023193
HighRes-net: Multi-Frame Super-Resolution by Recursive Fusion | OpenReview,4.3999247550964355
RISE and DISE: Two Frameworks for Learning from Time Series with Missing Data | OpenReview,5.958944320678711
Analytical Moment Regularizer for Training Robust Networks | OpenReview,7.618161201477051
Feature-based Augmentation for Semi-Supervised Learning | OpenReview,6.308164596557617
Cascade Style Transfer | OpenReview,9.014198303222656
A Unified framework for randomized smoothing based certified defenses | OpenReview,1.0607521533966064
Encoding word order in complex embeddings | OpenReview,2.7058844566345215
Empowering Graph Representation Learning with Paired Training and Graph Co-Attention | OpenReview,6.255828857421875
Dimensional Reweighting Graph Convolution Networks | OpenReview,5.297982215881348
Sparse Skill Coding: Learning Behavioral Hierarchies with Sparse Codes | OpenReview,6.312219142913818
Pruning Depthwise Separable Convolutions for Extra Efficiency Gain of Lightweight Models | OpenReview,6.007319927215576
Topology-Aware Pooling via Graph Attention | OpenReview,6.402048110961914
Neural Stored-program Memory | OpenReview,6.432884216308594
Customizing Sequence Generation with Multi-Task Dynamical Systems | OpenReview,6.383798599243164
BERT Wears GloVes: Distilling Static Embeddings from Pretrained Contextual Representations | OpenReview,7.332911014556885
DSReg: Using Distant Supervision as a Regularizer | OpenReview,4.718580722808838
Sub-policy Adaptation for Hierarchical Reinforcement Learning | OpenReview,7.629880428314209
Extreme Tensoring for Low-Memory Preconditioning | OpenReview,7.875863075256348
Under what circumstances do local codes emerge in feed-forward neural networks | OpenReview,4.83416223526001
OBJECT-ORIENTED REPRESENTATION OF 3D SCENES | OpenReview,8.277867317199707
Natural Image Manipulation for Autoregressive Models Using Fisher Scores | OpenReview,9.39426326751709
Diagonal Graph Convolutional Networks with Adaptive Neighborhood Aggregation | OpenReview,5.452795028686523
Generalizing Deep Multi-task Learning with Heterogeneous Structured Networks | OpenReview,6.067419052124023
Iterative energy-based projection on a normal data manifold for anomaly localization | OpenReview,5.471221446990967
Learning representations for binary-classification without backpropagation | OpenReview,6.3876848220825195
Semi-Supervised Learning with Normalizing Flows | OpenReview,8.565079689025879
Effective Mechanism to Mitigate Injuries During NFL Plays | OpenReview,5.860121726989746
Certifiably Robust Interpretation in Deep Learning | OpenReview,7.362006187438965
Invertible generative models for inverse problems: mitigating representation error and dataset bias | OpenReview,7.312717914581299
Fuzzing-Based Hard-Label Black-Box Attacks Against Machine Learning Models | OpenReview,7.321784973144531
LEARNING DIFFICULT PERCEPTUAL TASKS WITH HODGKIN-HUXLEY NETWORKS | OpenReview,7.09640645980835
A new perspective in understanding of Adam-Type algorithms and beyond | OpenReview,5.610455513000488
Quantum Algorithms for Deep Convolutional Neural Networks | OpenReview,8.14981746673584
MEMO: A Deep Network for Flexible Combination of Episodic Memories | OpenReview,7.760703086853027
Underwhelming Generalization Improvements From Controlling Feature Attribution | OpenReview,6.748730659484863
Towards Interpreting Deep Neural Networks via Understanding Layer Behaviors | OpenReview,7.46645450592041
A Data-Efficient Mutual Information Neural Estimator for Statistical Dependency Testing | OpenReview,5.495535373687744
Physics-aware Difference Graph Networks for Sparsely-Observed Dynamics | OpenReview,6.08010721206665
Scale-Equivariant Steerable Networks | OpenReview,6.410919189453125
Incorporating Perceptual Prior to Improve Model*s Adversarial Robustness | OpenReview,5.806821823120117
Learning Compositional Koopman Operators for Model-Based Control | OpenReview,7.710916519165039
Understanding the Limitations of Conditional Generative Models | OpenReview,6.038265228271484
"Imitation Learning of Robot Policies using Language, Vision and Motion | OpenReview",6.658190727233887
Combining graph and sequence information to learn protein representations | OpenReview,7.8455705642700195
Continuous Convolutional Neural Network forNonuniform Time Series | OpenReview,4.895016670227051
Attacking Lifelong Learning Models with Gradient Reversion | OpenReview,6.601712226867676
Learning a Spatio-Temporal Embedding for Video Instance Segmentation | OpenReview,5.761983871459961
Layer Flexible Adaptive Computation Time for Recurrent Neural Networks | OpenReview,6.886887073516846
Attention Forcing for Sequence-to-sequence Model Training | OpenReview,8.628917694091797
Objective Mismatch in Model-based Reinforcement Learning | OpenReview,6.396152496337891
The Curious Case of Neural Text Degeneration | OpenReview,5.047488689422607
Poisoning Attacks with Generative Adversarial Nets | OpenReview,7.930293083190918
{COMPANYNAME}11K: An Unsupervised Representation Learning Dataset for Arrhythmia Subtype Discovery | OpenReview,5.59798002243042
Enhancing Adversarial Defense by k-Winners-Take-All | OpenReview,9.071492195129395
Quantifying the Cost of Reliable Photo Authentication via High-Performance Learned Lossy Representations | OpenReview,5.656659126281738
Evaluating and Calibrating Uncertainty Prediction in Regression Tasks | OpenReview,8.119565963745117
MULTIPOLAR: Multi-Source Policy Aggregation for Transfer Reinforcement Learning between Diverse Environmental Dynamics | OpenReview,8.680487632751465
Robust Reinforcement Learning via Adversarial Training with Langevin Dynamics | OpenReview,8.979557037353516
Mildly Overparametrized Neural Nets can Memorize Training Data Efficiently | OpenReview,5.779825687408447
ROBUST SINGLE-STEP ADVERSARIAL TRAINING | OpenReview,2.025062084197998
Where is the Information in a Deep Network? | OpenReview,8.190006256103516
Zero-shot task adaptation by homoiconic meta-mapping | OpenReview,6.8166608810424805
Provable Convergence and Global Optimality of Generative Adversarial Network | OpenReview,5.672505855560303
Enforcing Physical Constraints in Neural Neural Networks through Differentiable PDE Layer | OpenReview,7.407523155212402
"To Relieve Your Headache of Training an MRF, Take AdVIL | OpenReview",8.23831558227539
Agent as Scientist: Learning to Verify Hypotheses | OpenReview,9.089268684387207
Short and Sparse Deconvolution --- A Geometric Approach | OpenReview,6.92950439453125
The Dynamics of Signal Propagation in Gated Recurrent Neural Networks | OpenReview,7.145745754241943
Learning Compact Reward for Image Captioning | OpenReview,6.211570739746094
Removing input features via a generative model to explain their attributions to classifier*s decisions | OpenReview,7.6589884757995605
MANIFOLD FORESTS: CLOSING THE GAP ON NEURAL NETWORKS | OpenReview,8.916672706604004
Attributes Obfuscation with Complex-Valued Features | OpenReview,8.428072929382324
Federated Adversarial Domain Adaptation | OpenReview,6.262580871582031
Geometric Insights into the Convergence of Nonlinear TD Learning | OpenReview,9.234625816345215
Adaptive Learned Bloom Filter (Ada-BF): Efficient Utilization of the Classifier | OpenReview,7.967951774597168
Towards Physics-informed Deep Learning for Turbulent Flow Prediction | OpenReview,7.318150520324707
Observational Overfitting in Reinforcement Learning | OpenReview,5.794670581817627
Curriculum Loss: Robust Learning and Generalization against Label Corruption | OpenReview,2.8020107746124268
Prune or quantize? Strategy for Pareto-optimally low-cost and accurate CNN | OpenReview,7.818718910217285
I Am Going MAD: Maximum Discrepancy Competition for Comparing Classifiers Adaptively | OpenReview,9.086915016174316
Sub-policy Adaptation for Hierarchical Reinforcement Learning | OpenReview,7.77125883102417
Cross-Domain Few-Shot Classification via Learned Feature-Wise Transformation | OpenReview,7.795723915100098
How many weights are enough : can tensor factorization learn efficient policies ? | OpenReview,9.248224258422852
On the Parameterization of Gaussian Mean Field Posteriors in Bayesian Neural Networks | OpenReview,9.085196495056152
Non-Gaussian processes and neural networks at finite widths | OpenReview,7.972463607788086
Improved memory in recurrent neural networks with sequential non-normal dynamics | OpenReview,8.610427856445312
Domain Adaptation Through Label Propagation: Learning Clustered and Aligned Features | OpenReview,5.428341865539551
PAC-Bayesian Neural Network Bounds | OpenReview,6.819077491760254
INSTANCE CROSS ENTROPY FOR DEEP METRIC LEARNING | OpenReview,6.544020652770996
Decaying momentum helps neural network training | OpenReview,6.068584442138672
Extreme Triplet Learning: Effectively Optimizing Easy Positives and Hard Negatives | OpenReview,8.150379180908203
Accelerating SGD with momentum for over-parameterized learning | OpenReview,5.229125022888184
On Layer Normalization in the Transformer Architecture | OpenReview,1.719670057296753
Winning Privately: The Differentially Private Lottery Ticket Mechanism | OpenReview,7.948419570922852
Instance adaptive adversarial training: Improved accuracy tradeoffs in neural nets | OpenReview,5.665771007537842
Topological based classification using graph convolutional networks | OpenReview,6.391424179077148
State Alignment-based Imitation Learning | OpenReview,9.57605266571045
Localized Meta-Learning: A PAC-Bayes Analysis for Meta-Leanring Beyond Global Prior | OpenReview,8.296924591064453
The Benefits of Over-parameterization at Initialization in Deep ReLU Networks | OpenReview,7.375945091247559
Rethinking Neural Network Quantization | OpenReview,7.458518028259277
Learning Functionally Decomposed Hierarchies for Continuous Navigation Tasks | OpenReview,3.2447845935821533
Low Rank Training of Deep Neural Networks for Emerging Memory Technology | OpenReview,7.673179626464844
Neural Network Out-of-Distribution Detection for Regression Tasks | OpenReview,6.4366655349731445
Learning relevant features for statistical inference | OpenReview,8.575387954711914
Representing Unordered Data Using Multiset Automata and Complex Numbers | OpenReview,8.014854431152344
Plan2Vec: Unsupervised Representation Learning by Latent Plans | OpenReview,9.350872993469238
The divergences minimized by non-saturating GAN training | OpenReview,6.012970924377441
Population-Guided Parallel Policy Search for Reinforcement Learning | OpenReview,8.041776657104492
Symmetric-APL Activations: Training Insights and Robustness to Adversarial Attacks | OpenReview,9.167109489440918
A multi-task U-net for segmentation with lazy labels | OpenReview,4.38916540145874
Budgeted Training: Rethinking Deep Neural Network Training Under Resource Constraints | OpenReview,6.909233570098877
A Fair Comparison of Graph Neural Networks for Graph Classification | OpenReview,6.789854049682617
Multi-scale Attributed Node Embedding | OpenReview,6.977096080780029
Adapting to Label Shift with Bias-Corrected Calibration | OpenReview,9.092023849487305
Stochastic Geodesic Optimization for Neural Networks | OpenReview,6.539477348327637
Granger Causal Structure Reconstruction from Heterogeneous Multivariate Time Series | OpenReview,7.319057941436768
Learning to Guide Random Search | OpenReview,5.689679145812988
Transferable Recognition-Aware Image Processing | OpenReview,6.990874290466309
Cost-Effective Testing of a Deep Learning Model through Input Reduction | OpenReview,7.350093841552734
Geometric Insights into the Convergence of Nonlinear TD Learning | OpenReview,7.380112648010254
EgoMap: Projective mapping and structured egocentric memory for Deep RL | OpenReview,5.687908172607422
Undersensitivity in Neural Reading Comprehension | OpenReview,4.536859512329102
TOWARDS STABILIZING BATCH STATISTICS IN BACKWARD PROPAGATION OF BATCH NORMALIZATION | OpenReview,6.018774032592773
Long History Short-Term Memory for Long-Term Video Prediction | OpenReview,4.574502944946289
Invariance vs Robustness of Neural Networks | OpenReview,8.25709342956543
Capsule Networks without Routing Procedures | OpenReview,8.630897521972656
Differentially Private Meta-Learning | OpenReview,6.8046674728393555
DeepPCM: Predicting Protein-Ligand Binding using Unsupervised Learned Representations | OpenReview,7.43052864074707
Can I Trust the Explainer? Verifying Post-Hoc Explanatory Methods | OpenReview,6.3254194259643555
Learning Self-Correctable Policies and Value Functions from Demonstrations with Negative Sampling | OpenReview,3.0613954067230225
MoET: Interpretable and Verifiable Reinforcement Learning via Mixture of Expert Trees | OpenReview,4.3735833168029785
On the interaction between supervision and self-play in emergent communication | OpenReview,6.871613502502441
FRICATIVE PHONEME DETECTION WITH ZERO DELAY | OpenReview,5.490209102630615
"JAX MD: End-to-End Differentiable, Hardware Accelerated, Molecular Dynamics in Pure Python | OpenReview",6.734860420227051
Making Efficient Use of Demonstrations to Solve Hard Exploration Problems | OpenReview,8.801651954650879
Adaptive Correlated Monte Carlo for Contextual Categorical Sequence Generation | OpenReview,8.570480346679688
Deep Ensembles: A Loss Landscape Perspective | OpenReview,8.289474487304688
Continual learning with hypernetworks | OpenReview,6.369585990905762
Simple but effective techniques to reduce dataset biases | OpenReview,5.33780574798584
SEERL : Sample Efficient Ensemble Reinforcement Learning | OpenReview,6.907934188842773
A bi-diffusion based layer-wise sampling method for deep learning in large graphs | OpenReview,8.914132118225098
Learning to Learn via Gradient Component Corrections | OpenReview,5.883939743041992
VariBAD: A Very Good Method for Bayes-Adaptive Deep RL via Meta-Learning | OpenReview,5.148138999938965
"Making the Shoe Fit: Architectures, Initializations, and Tuning for Learning with Privacy | OpenReview",5.818424224853516
"Compressive Recovery Defense: A Defense Framework for $ell_0, ell_2$ and $ell_infty$ norm attacks. | OpenReview",6.810739517211914
Iterative Deep Graph Learning for Graph Neural Networks | OpenReview,8.204416275024414
Superseding Model Scaling by Penalizing Dead Units and Points with Separation Constraints | OpenReview,2.4238994121551514
Mode Connectivity and Sparse Neural Networks | OpenReview,2.976797103881836
LEARNING EXECUTION THROUGH NEURAL CODE FUSION | OpenReview,6.9947710037231445
Nesterov Accelerated Gradient and Scale Invariance for Adversarial Attacks | OpenReview,6.716414451599121
Federated User Representation Learning | OpenReview,8.574524879455566
Meta Reinforcement Learning with Autonomous Inference of Subtask Dependencies | OpenReview,6.944319725036621
"Unifying Question Answering, Text Classification, and Regression via Span Extraction | OpenReview",5.694242477416992
Understanding and Training Deep Diagonal Circulant Neural Networks | OpenReview,6.617678165435791
EfferenceNets for latent space planning | OpenReview,7.16810417175293
Deep Gradient Boosting -- Layer-wise Input Normalization of Neural Networks | OpenReview,6.738353729248047
PLEX: PLanner and EXecutor for Embodied Learning in Navigation | OpenReview,6.715071201324463
Fooling Pre-trained Language Models: An Evolutionary Approach to Generate Wrong Sentences with High Acceptability Score | OpenReview,6.766079425811768
AdamT: A Stochastic Optimization with Trend Correction Scheme | OpenReview,9.143796920776367
Robust Few-Shot Learning with Adversarially Queried Meta-Learners | OpenReview,9.594327926635742
Self-Supervised Policy Adaptation | OpenReview,9.421483993530273
Unsupervised Learning of Graph Hierarchical Abstractions with Differentiable Coarsening and Optimal Transport | OpenReview,5.877657890319824
BANANAS: Bayesian Optimization with Neural Networks for Neural Architecture Search | OpenReview,4.428188800811768
Ladder Polynomial Neural Networks | OpenReview,7.422671318054199
Understanding the Limitations of Variational Mutual Information Estimators | OpenReview,5.053711891174316
Revisiting the Generalization of Adaptive Gradient Methods | OpenReview,8.14470100402832
Wildly Unsupervised Domain Adaptation and Its Powerful and Efficient Solution | OpenReview,7.456072807312012
Identifying through Flows for Recovering Latent Representations | OpenReview,8.68937873840332
Stagnant zone segmentation with U-net | OpenReview,8.119579315185547
Global reasoning network for image super-resolution | OpenReview,4.147619724273682
Why ADAM Beats SGD for Attention Models | OpenReview,6.594905376434326
Adversarially Robust Representations with Smooth Encoders | OpenReview,7.095456123352051
Scalable Model Compression by Entropy Penalized Reparameterization | OpenReview,6.815702438354492
DDSP: Differentiable Digital Signal Processing | OpenReview,7.002279281616211
Quantum Semi-Supervised Kernel Learning | OpenReview,7.886500835418701
DASGrad: Double Adaptive Stochastic Gradient | OpenReview,2.828878164291382
Alternating Recurrent Dialog Model with Large-Scale Pre-Trained Language Models | OpenReview,7.562291145324707
Localised Generative Flows | OpenReview,9.11745834350586
Deep Coordination Graphs | OpenReview,9.311158180236816
Augmenting Self-attention with Persistent Memory | OpenReview,6.221035480499268
LARGE SCALE REPRESENTATION LEARNING FROM TRIPLET COMPARISONS | OpenReview,6.549484729766846
Generative Ratio Matching Networks | OpenReview,6.280064582824707
Point Process Flows | OpenReview,7.896344184875488
TOWARDS FEATURE SPACE ADVERSARIAL ATTACK | OpenReview,6.721892833709717
Demystifying Graph Neural Network Via Graph Filter Assessment | OpenReview,6.159873008728027
Meta-Learning Runge-Kutta | OpenReview,4.057641506195068
OBJECT-ORIENTED REPRESENTATION OF 3D SCENES | OpenReview,6.510708332061768
Balancing Cost and Benefit with Tied-Multi Transformers | OpenReview,5.471243381500244
Intrinsic Motivation for Encouraging Synergistic Behavior | OpenReview,6.974123954772949
V4D: 4D Covolutional Neural Networks for Video-level Representations Learning | OpenReview,8.433899879455566
Deeper Insights into Weight Sharing in Neural Architecture Search | OpenReview,5.242165565490723
DIME: AN INFORMATION-THEORETIC DIFFICULTY MEASURE FOR AI DATASETS | OpenReview,7.6197381019592285
Differentiable Reasoning over a Virtual Knowledge Base | OpenReview,6.471133708953857
A multi-task U-net for segmentation with lazy labels | OpenReview,7.818446159362793
THE EFFECT OF ADVERSARIAL TRAINING: A THEORETICAL CHARACTERIZATION | OpenReview,8.753743171691895
Explanation by Progressive Exaggeration | OpenReview,7.074806213378906
Scholastic-Actor-Critic For Multi Agent Reinforcement Learning | OpenReview,9.362648010253906
A Novel Analysis Framework of Lower Complexity Bounds for Finite-Sum Optimization | OpenReview,7.841088771820068
Probing Emergent Semantics in Predictive Agents via Question Answering | OpenReview,5.233026027679443
AugMix: A Simple Data Processing Method to Improve Robustness and Uncertainty | OpenReview,9.114839553833008
FRICATIVE PHONEME DETECTION WITH ZERO DELAY | OpenReview,4.928417205810547
A Unified framework for randomized smoothing based certified defenses | OpenReview,2.4666635990142822
Testing For Typicality with Respect to an Ensemble of Learned Distributions | OpenReview,7.0823564529418945
Towards A Unified Min-Max Framework for Adversarial Exploration and Robustness | OpenReview,8.255715370178223
AN EXPONENTIAL LEARNING RATE SCHEDULE FOR BATCH NORMALIZED NETWORKS | OpenReview,6.768195152282715
Progressive Compressed Records: Taking a Byte Out of Deep Learning Data | OpenReview,6.347054481506348
Learning The Difference That Makes A Difference With Counterfactually-Augmented Data | OpenReview,5.854572296142578
Cover Filtration and Stable Paths in the Mapper | OpenReview,4.513603210449219
Anomalous Pattern Detection in Activations and Reconstruction Error of Autoencoders | OpenReview,3.498366117477417
Coherent Gradients: An Approach to Understanding Generalization in Gradient Descent-based Optimization | OpenReview,5.505756378173828
Blurring Structure and Learning to Optimize and Adapt Receptive Fields | OpenReview,5.934067249298096
On the Anomalous Generalization of GANs | OpenReview,7.273543357849121
Promoting Coordination through Policy Regularization in Multi-Agent Deep Reinforcement Learning | OpenReview,7.812057971954346
Structural Language Models for Any-Code Generation | OpenReview,7.76145601272583
Progressive Knowledge Distillation For Generative Modeling | OpenReview,6.365449905395508
Topology-Aware Pooling via Graph Attention | OpenReview,7.68018913269043
Dynamic Sparse Training: Find Efficient Sparse Network From Scratch With Trainable Masked Layers | OpenReview,6.2595930099487305
Gram-Gauss-Newton Method: Learning Overparameterized Neural Networks for Regression Problems | OpenReview,5.807927131652832
Inductive representation learning on temporal graphs | OpenReview,8.143892288208008
Extreme Language Model Compression with Optimal Subwords and Shared Projections | OpenReview,1.318105936050415
Variational Hyper RNN for Sequence Modeling | OpenReview,6.170146465301514
Defending Against Physically Realizable Attacks on Image Classification | OpenReview,5.8062334060668945
Scalable Differentially Private Data Generation via Private Aggregation of Teacher Ensembles | OpenReview,4.909240245819092
Visual Hide and Seek | OpenReview,8.00991153717041
The Variational Bandwidth Bottleneck: Stochastic Evaluation on an Information Budget | OpenReview,7.60181188583374
Gradient Descent Maximizes the Margin of Homogeneous Neural Networks | OpenReview,8.600790023803711
"Study of a Simple, Expressive and Consistent Graph Feature Representation | OpenReview",8.016548156738281
Confidence Scores Make Instance-dependent Label-noise Learning Possible | OpenReview,8.627266883850098
Neural Reverse Engineering of Stripped Binaries | OpenReview,7.606712818145752
Training binary neural networks with real-to-binary convolutions | OpenReview,7.507811069488525
Improving Differentially Private Models with Active Learning | OpenReview,6.535719394683838
Asymptotics of Wide Networks from Feynman Diagrams | OpenReview,5.2793755531311035
BasisVAE: Orthogonal Latent Space for Deep Disentangled Representation | OpenReview,7.99370002746582
STYLE EXAMPLE-GUIDED TEXT GENERATION USING GENERATIVE ADVERSARIAL TRANSFORMERS | OpenReview,6.476133823394775
Attack-Resistant Federated Learning with Residual-based Reweighting | OpenReview,7.741067886352539
Learning Likelihoods with Conditional Normalizing Flows | OpenReview,6.602802276611328
MoET: Interpretable and Verifiable Reinforcement Learning via Mixture of Expert Trees | OpenReview,5.730862140655518
Adversarial Inductive Transfer Learning with input and output space adaptation | OpenReview,6.204967021942139
Towards Unifying Neural Architecture Space Exploration and Generalization | OpenReview,8.279768943786621
Exploring the Pareto-Optimality between Quality and Diversity in Text Generation | OpenReview,8.562712669372559
Towards More Realistic Neural Network Uncertainties | OpenReview,8.904685020446777
Data augmentation instead of explicit regularization | OpenReview,7.136448383331299
Global Momentum Compression for Sparse Communication in Distributed SGD | OpenReview,6.9490556716918945
Revisiting the Information Plane | OpenReview,8.793980598449707
PolyGAN: High-Order Polynomial Generators | OpenReview,6.902843952178955
A TARGET-AGNOSTIC ATTACK ON DEEP MODELS: EXPLOITING SECURITY VULNERABILITIES OF TRANSFER LEARNING | OpenReview,7.747004985809326
Can gradient clipping mitigate label noise? | OpenReview,8.559897422790527
Context-Gated Convolution | OpenReview,5.873236656188965
$ell_1$ Adversarial Robustness Certificates: a Randomized Smoothing Approach | OpenReview,6.854443073272705
The Geometry of Sign Gradient Descent | OpenReview,9.037604331970215
AHash: A Load-Balanced One Permutation Hash | OpenReview,8.246017456054688
Why Not to Use Zero Imputation? Correcting Sparsity Bias in Training Neural Networks | OpenReview,7.617875576019287
Progressive Knowledge Distillation For Generative Modeling | OpenReview,3.8224847316741943
Learnable Higher-order Representation for Action Recognition | OpenReview,5.414733409881592
The divergences minimized by non-saturating GAN training | OpenReview,8.381843566894531
Robust Cross-lingual Embeddings from Parallel Sentences | OpenReview,2.6919822692871094
Stabilizing Transformers for Reinforcement Learning | OpenReview,7.251694202423096
"Generative Models for Effective ML on Private, Decentralized Datasets | OpenReview",7.129753589630127
Restoration of Video Frames from a Single Blurred Image with Motion Understanding | OpenReview,7.1271209716796875
Group-Transformer: Towards A Lightweight Character-level Language Model | OpenReview,4.147313117980957
Hamiltonian Generative Networks | OpenReview,6.019400119781494
Self-Attentional Credit Assignment for Transfer in Reinforcement Learning | OpenReview,2.012389659881592
MULTI-STAGE INFLUENCE FUNCTION | OpenReview,6.149967193603516
Enhancing Language Emergence through Empathy | OpenReview,6.70815896987915
Projection Based Constrained Policy Optimization | OpenReview,5.66812801361084
Toward Evaluating Robustness of Deep Reinforcement Learning with Continuous Control | OpenReview,7.202113151550293
The Blessing of Dimensionality: An Empirical Study of Generalization | OpenReview,4.72804594039917
AdaX: Adaptive Gradient Descent with Exponential Long Term Memory | OpenReview,6.587186813354492
CrossNorm: On Normalization for Off-Policy Reinforcement Learning | OpenReview,7.811764717102051
Deep Randomized Least Squares Value Iteration | OpenReview,6.061563491821289
A Fine-Grained Spectral Perspective on Neural Networks | OpenReview,5.879380226135254
Guiding Program Synthesis by Learning to Generate Examples | OpenReview,4.1270551681518555
Disentanglement through Nonlinear ICA with General Incompressible-flow Networks (GIN) | OpenReview,6.942537307739258
Emergence of Collective Policies Inside Simulations with Biased Representations | OpenReview,7.579047203063965
Why Not to Use Zero Imputation? Correcting Sparsity Bias in Training Neural Networks | OpenReview,6.720224380493164
Semi-Supervised Boosting via Self Labelling | OpenReview,6.399886131286621
Semantics Preserving Adversarial Attacks | OpenReview,4.330083847045898
Logic and the 2-Simplicial Transformer | OpenReview,8.762584686279297
Gaussian Conditional Random Fields for Classification | OpenReview,5.658221244812012
"Pay Attention to Features, Transfer Learn faster CNNs | OpenReview",6.225767612457275
IEG: Robust neural net training with severe label noises | OpenReview,7.251865386962891
Attention over Phrases | OpenReview,7.576094627380371
Self-Supervised State-Control through Intrinsic Mutual Information Rewards | OpenReview,6.521434307098389
Towards Interpretable Molecular Graph Representation Learning | OpenReview,8.232735633850098
A Signal Propagation Perspective for Pruning Neural Networks at Initialization | OpenReview,7.402961730957031
N-BEATS: Neural basis expansion analysis for interpretable time series forecasting | OpenReview,8.475326538085938
Gradientless Descent: High-Dimensional Zeroth-Order Optimization | OpenReview,7.239561557769775
Efficient Wrapper Feature Selection using Autoencoder and Model Based Elimination | OpenReview,8.560019493103027
Accelerating Monte Carlo Bayesian Inference via Approximating Predictive Uncertainty over the Simplex | OpenReview,8.2451753616333
Fast Training of Sparse Graph Neural Networks on Dense Hardware | OpenReview,5.4117631912231445
Prune or quantize? Strategy for Pareto-optimally low-cost and accurate CNN | OpenReview,9.6621732711792
Learning to Anneal and Prune Proximity Graphs for Similarity Search | OpenReview,4.818252086639404
SLM Lab: A Comprehensive Benchmark and Modular Software Framework for Reproducible Deep Reinforcement Learning | OpenReview,5.3336262702941895
Disentangled GANs for Controllable Generation of High-Resolution Images | OpenReview,5.9044694900512695
Instance adaptive adversarial training: Improved accuracy tradeoffs in neural nets | OpenReview,6.043795585632324
Redundancy-Free Computation Graphs for Graph Neural Networks | OpenReview,5.201953887939453
A Closer Look at the Optimization Landscapes of Generative Adversarial Networks | OpenReview,5.559846878051758
RoBERTa: A Robustly Optimized BERT Pretraining Approach | OpenReview,8.15904426574707
Energy-based models for atomic-resolution protein conformations | OpenReview,6.746313571929932
Learning Latent State Spaces for Planning through Reward Prediction | OpenReview,6.488109588623047
On PAC-Bayes Bounds for Deep Neural Networks using the Loss Curvature | OpenReview,7.315821647644043
Overlearning Reveals Sensitive Attributes | OpenReview,7.203149795532227
Hierarchical Disentangle Network for Object Representation Learning | OpenReview,6.298183441162109
A closer look at network resolution for efficient network design | OpenReview,6.296091079711914
Reinforcement Learning with Structured Hierarchical Grammar Representations of Actions | OpenReview,7.217933654785156
Zeroth Order Optimization by a Mixture of Evolution Strategies | OpenReview,8.830455780029297
INTERPRETING CNN PREDICTION THROUGH LAYER - WISE SELECTED DISCERNIBLE NEURONS | OpenReview,6.637523174285889
SesameBERT: Attention for Anywhere | OpenReview,6.950840950012207
Model Ensemble-Based Intrinsic Reward for Sparse Reward Reinforcement Learning | OpenReview,7.399452209472656
"Translation Between Waves, wave2wave | OpenReview",7.999992847442627
CRNet: Image Super-Resolution Using A Convolutional Sparse Coding Inspired Network | OpenReview,6.089633464813232
Linear Symmetric Quantization of Neural Networks for Low-precision Integer Hardware | OpenReview,6.182225227355957
Channel Equilibrium Networks | OpenReview,6.003330707550049
Is There Mode Collapse? A Case Study on Face Generation and Its Black-box Calibration | OpenReview,8.07731819152832
Distributed Online Optimization with Long-Term Constraints | OpenReview,6.338827133178711
QXplore: Q-Learning Exploration by Maximizing Temporal Difference Error | OpenReview,6.452679634094238
Few-Shot Few-Shot Learning and the role of Spatial Attention | OpenReview,8.678674697875977
Adversarial Privacy Preservation under Attribute Inference Attack | OpenReview,6.334019184112549
Dynamical Clustering of Time Series Data Using Multi-Decoder RNN Autoencoder | OpenReview,6.705155849456787
VILD: Variational Imitation Learning with Diverse-quality Demonstrations | OpenReview,5.847299098968506
Robust Reinforcement Learning via Adversarial Training with Langevin Dynamics | OpenReview,8.406322479248047
Leveraging Adversarial Examples to Obtain Robust Second-Order Representations | OpenReview,3.468811511993408
MODELLING BIOLOGICAL ASSAYS WITH ADAPTIVE DEEP KERNEL LEARNING | OpenReview,4.437399864196777
On The Difficulty of Warm-Starting Neural Network Training | OpenReview,8.692534446716309
Anchor & Transform: Learning Sparse Representations of Discrete Objects | OpenReview,3.937892198562622
Why do These Match? Explaining the Behavior of Image Similarity Models | OpenReview,7.665177822113037
FR-GAN: Fair and Robust Training | OpenReview,7.877715110778809
The Probabilistic Fault Tolerance of Neural Networks in the Continuous Limit | OpenReview,6.266480445861816
Cross-Iteration Batch Normalization | OpenReview,5.23217248916626
PAC-Bayesian Neural Network Bounds | OpenReview,6.554697036743164
Causal Induction from Visual Observations for Goal Directed Tasks | OpenReview,6.412942886352539
Combining MixMatch and Active Learning for Better Accuracy with Fewer Labels | OpenReview,8.157310485839844
Attraction-Repulsion Actor-Critic for Continuous Control Reinforcement Learning | OpenReview,6.694384574890137
Implicit Rugosity Regularization via Data Augmentation | OpenReview,7.960561752319336
Re-Examining Linear Embeddings for High-dimensional Bayesian Optimization | OpenReview,5.866179943084717
UNPAIRED POINT CLOUD COMPLETION ON REAL SCANS USING ADVERSARIAL TRAINING | OpenReview,5.894175052642822
Decentralized Distributed PPO: Mastering PointGoal Navigation | OpenReview,9.78052806854248
Modeling Winner-Take-All Competition in Sparse Binary Projections | OpenReview,7.555107116699219
The Local Elasticity of Neural Networks | OpenReview,6.2177629470825195
A Signal Propagation Perspective for Pruning Neural Networks at Initialization | OpenReview,6.204768657684326
Out-of-distribution Detection in Few-shot Classification | OpenReview,6.263172626495361
"Prediction, Consistency, Curvature: Representation Learning for Locally-Linear Control | OpenReview",5.294894218444824
Robust Reinforcement Learning with Wasserstein Constraint | OpenReview,7.356681823730469
Training a Constrained Natural Media Painting Agent using Reinforcement Learning | OpenReview,9.629606246948242
IMPACT: Importance Weighted Asynchronous Architectures with Clipped Target Networks | OpenReview,6.39864444732666
A Simple Recurrent Unit with Reduced Tensor Product Representations | OpenReview,7.791590690612793
Knowledge Graph Embedding: A Probabilistic Perspective and Generalization Bounds | OpenReview,6.831639766693115
Additive Powers-of-Two Quantization: A Non-uniform Discretization for Neural Networks | OpenReview,9.849653244018555
SPROUT: Self-Progressing Robust Training | OpenReview,9.048274040222168
Deep Relational Factorization Machines | OpenReview,9.26583480834961
MEMORY-BASED GRAPH NETWORKS | OpenReview,7.0771284103393555
Autoencoders and Generative Adversarial Networks for Imbalanced Sequence Classification | OpenReview,6.3944597244262695
Stochastic Neural Physics Predictor | OpenReview,6.6181206703186035
Certifiably Robust Interpretation in Deep Learning | OpenReview,5.160647869110107
GroSS Decomposition: Group-Size Series Decomposition for Whole Search-Space Training | OpenReview,8.263825416564941
Incorporating Perceptual Prior to Improve Model*s Adversarial Robustness | OpenReview,6.963719367980957
The Sooner The Better: Investigating Structure of Early Winning Lottery Tickets | OpenReview,6.3822736740112305
Information Geometry of Orthogonal Initializations and Training | OpenReview,8.238429069519043
Deep End-to-end Unsupervised Anomaly Detection | OpenReview,7.574978828430176
Rényi Fair Inference | OpenReview,7.719544410705566
Interpretations are useful: penalizing explanations to align neural networks with prior knowledge | OpenReview,7.107314109802246
Tensorized Embedding Layers for Efficient Model Compression | OpenReview,6.749135971069336
Good Semi-supervised VAE Requires Tighter Evidence Lower Bound | OpenReview,8.151473045349121
MultiGrain: a unified image embedding for classes and instances | OpenReview,4.629756927490234
A Stochastic Trust Region Method for Non-convex Minimization | OpenReview,8.608531951904297
What Can Neural Networks Reason About? | OpenReview,6.468833923339844
Unifying Graph Convolutional Networks as Matrix Factorization | OpenReview,8.142475128173828
Understanding Distributional Ambiguity via Non-robust Chance Constraint | OpenReview,3.6619489192962646
Learning from Positive and Unlabeled Data with Adversarial Training | OpenReview,8.084360122680664
Unsupervised Intuitive Physics from Past Experiences | OpenReview,5.758495330810547
Lyceum: An efficient and scalable ecosystem for robot learning | OpenReview,9.044404983520508
How Well Do WGANs Estimate the Wasserstein Metric? | OpenReview,6.4788408279418945
XD: Cross-lingual Knowledge Distillation for Polyglot Sentence Embeddings | OpenReview,6.736247539520264
FasterSeg: Searching for Faster Real-time Semantic Segmentation | OpenReview,3.6729984283447266
"Lift-the-flap: what, where and when for context reasoning | OpenReview",5.80887508392334
Extreme Classification via Adversarial Softmax Approximation | OpenReview,5.94357967376709
Understanding Top-k Sparsification in Distributed Deep Learning | OpenReview,7.847973823547363
Continual Density Ratio Estimation (CDRE): A new method for evaluating generative models in continual learning | OpenReview,5.171864986419678
PassNet: Learning pass probability surfaces from single-location labels. An architecture for visually-interpretable soccer analytics | OpenReview,7.285438060760498
Incorporating BERT into Neural Machine Translation | OpenReview,6.154661178588867
MONET: Debiasing Graph Embeddings via the Metadata-Orthogonal Training Unit | OpenReview,8.20345401763916
Reasoning-Aware Graph Convolutional Network for Visual Question Answering | OpenReview,3.392540216445923
On unsupervised-supervised risk and one-class neural networks | OpenReview,7.063048362731934
Differentiation of Blackbox Combinatorial Solvers | OpenReview,7.329858303070068
How noise affects the Hessian spectrum in overparameterized neural networks | OpenReview,6.324738502502441
VideoFlow: A Conditional Flow-Based Model for Stochastic Video Generation | OpenReview,8.081258773803711
Generative Cleaning Networks with Quantized Nonlinear Transform for Deep Neural Network Defense | OpenReview,7.136432647705078
Spatially Parallel Attention and Component Extraction for Scene Decomposition | OpenReview,2.9635801315307617
Improving Robustness Without Sacrificing Accuracy with Patch Gaussian Augmentation | OpenReview,5.630739212036133
Generative Imputation and Stochastic Prediction | OpenReview,6.212475776672363
Neural Phrase-to-Phrase Machine Translation | OpenReview,6.715061187744141
Input Complexity and Out-of-distribution Detection with Likelihood-based Generative Models | OpenReview,6.9074835777282715
Promoting Coordination through Policy Regularization in Multi-Agent Deep Reinforcement Learning | OpenReview,6.4740495681762695
Rotation-invariant clustering of functional cell types in primary visual cortex | OpenReview,7.611907005310059
Benchmarking Adversarial Robustness | OpenReview,6.752073287963867
Attraction-Repulsion Actor-Critic for Continuous Control Reinforcement Learning | OpenReview,7.83149528503418
Learning Neural Surrogate Model for Warm-Starting Bayesian Optimization | OpenReview,6.1258320808410645
Continual Learning with Adaptive Weights (CLAW) | OpenReview,7.699178695678711
Theory and Evaluation Metrics for Learning Disentangled Representations | OpenReview,6.588814735412598
Accelerating First-Order Optimization Algorithms | OpenReview,7.886463165283203
Understanding and Robustifying Differentiable Architecture Search | OpenReview,6.548347473144531
Neural Networks for Principal Component Analysis: A New Loss Function Provably Yields Ordered Exact Eigenvectors | OpenReview,6.657779216766357
Dream to Control: Learning Behaviors by Latent Imagination | OpenReview,8.061382293701172
Ellipsoidal Trust Region Methods for Neural Network Training | OpenReview,8.889815330505371
Deep Hierarchical-Hyperspherical Learning (DH^2L) | OpenReview,7.959431171417236
UNPAIRED POINT CLOUD COMPLETION ON REAL SCANS USING ADVERSARIAL TRAINING | OpenReview,5.623380661010742
Learning robust visual representations using data augmentation invariance | OpenReview,5.929557800292969
BEAN: Interpretable Representation Learning with Biologically-Enhanced Artificial Neuronal Assembly Regularization | OpenReview,7.685173988342285
Learning in Confusion: Batch Active Learning with Noisy Oracle | OpenReview,6.072485446929932
CopyCAT: Taking Control of Neural Policies with Constant Attacks | OpenReview,4.63742733001709
Span Recovery for Deep Neural Networks with Applications to Input Obfuscation | OpenReview,6.627143859863281
Improving Differentially Private Models with Active Learning | OpenReview,5.880470275878906
Manifold Modeling in Embedded Space: A Perspective for Interpreting *Deep Image Prior* | OpenReview,7.670324325561523
Physics-aware Difference Graph Networks for Sparsely-Observed Dynamics | OpenReview,7.463264465332031
Unsupervised Universal Self-Attention Network for Graph Classification | OpenReview,6.203344345092773
DBA: Distributed Backdoor Attacks against Federated Learning | OpenReview,7.272304534912109
Context-Aware Object Detection With Convolutional Neural Networks | OpenReview,7.027873992919922
Should All Cross-Lingual Embeddings Speak English? | OpenReview,8.796107292175293
Sample-Based Point Cloud Decoder Networks | OpenReview,4.782418251037598
Recurrent Independent Mechanisms | OpenReview,7.4549174308776855
PowerSGD: Powered Stochastic Gradient Descent Methods for Accelerated Non-Convex Optimization | OpenReview,8.031667709350586
Variational Diffusion Autoencoders with Random Walk Sampling | OpenReview,5.759335517883301
Policy Message Passing: A New Algorithm for Probabilistic Graph Inference | OpenReview,5.729259014129639
Symmetry and Systematicity | OpenReview,4.608112812042236
Training individually fair ML models with sensitive subspace robustness | OpenReview,5.64154577255249
Dynamics-Aware Embeddings | OpenReview,6.908730983734131
NAS-BENCH-1SHOT1: BENCHMARKING AND DISSECTING ONE-SHOT NEURAL ARCHITECTURE SEARCH | OpenReview,6.429903030395508
Neural Arithmetic Units | OpenReview,6.566731929779053
AssembleNet: Searching for Multi-Stream Neural Connectivity in Video Architectures | OpenReview,7.981468677520752
FNNP: Fast Neural Network Pruning Using Adaptive Batch Normalization | OpenReview,7.778155326843262
Simple and Effective Regularization Methods for Training on Noisily Labeled Data with Generalization Guarantee | OpenReview,6.916529655456543
Pseudo-LiDAR++: Accurate Depth for 3D Object Detection in Autonomous Driving | OpenReview,9.521866798400879
Robust Instruction-Following in a Situated Agent via Transfer-Learning from Text | OpenReview,5.374300956726074
Fix-Net: pure fixed-point representation of deep neural networks | OpenReview,7.935194969177246
Ordinary differential equations on graph networks | OpenReview,6.550899028778076
What Can Neural Networks Reason About? | OpenReview,8.744409561157227
DSReg: Using Distant Supervision as a Regularizer | OpenReview,6.059822082519531
Unsupervised Temperature Scaling: Robust Post-processing Calibration for Domain Shift | OpenReview,3.1923458576202393
Generalized Clustering by Learning to Optimize Expected Normalized Cuts | OpenReview,5.185480117797852
Emergence of Compositional Language with Deep Generational Transmission | OpenReview,6.39664363861084
Neural Markov Logic Networks | OpenReview,7.79135274887085
Rethinking Curriculum Learning With Incremental Labels And Adaptive Compensation | OpenReview,6.011448383331299
Wildly Unsupervised Domain Adaptation and Its Powerful and Efficient Solution | OpenReview,8.211090087890625
Learning Expensive Coordination: An Event-Based Deep RL Approach | OpenReview,7.665396690368652
Emergence of Collective Policies Inside Simulations with Biased Representations | OpenReview,9.517468452453613
A Kolmogorov Complexity Approach to Generalization in Deep Learning | OpenReview,6.755514621734619
Learning to Balance: Bayesian Meta-Learning for Imbalanced and Out-of-distribution Tasks | OpenReview,7.702505111694336
Deep Double Descent: Where Bigger Models and More Data Hurt | OpenReview,9.293907165527344
Learning the Arrow of Time for Problems in Reinforcement Learning | OpenReview,7.962976455688477
Continual Learning with Gated Incremental Memories for Sequential Data Processing | OpenReview,9.5148286819458
Improving Sample Efficiency in Model-Free Reinforcement Learning from Images | OpenReview,5.245913028717041
Sparse and Structured Visual Attention | OpenReview,9.030393600463867
Learning Video Representations using Contrastive Bidirectional Transformer | OpenReview,2.871201515197754
Selective sampling for accelerating training of deep neural networks | OpenReview,6.457710266113281
Random Bias Initialization Improving Binary Neural Network Training | OpenReview,7.061699390411377
Improved Generalization Bound of Permutation Invariant Deep Neural Networks | OpenReview,6.0469207763671875
Using Hindsight to Anchor Past Knowledge in Continual Learning | OpenReview,7.028043746948242
On the Convergence of FedAvg on Non-IID Data | OpenReview,7.10222053527832
Match prediction from group comparison data using neural networks | OpenReview,7.950177192687988
Learnable Group Transform For Time-Series | OpenReview,9.365363121032715
Can I Trust the Explainer? Verifying Post-Hoc Explanatory Methods | OpenReview,6.0770392417907715
AutoSlim: Towards One-Shot Architecture Search for Channel Numbers | OpenReview,7.999197006225586
Fast Machine Learning with Byzantine Workers and Servers | OpenReview,8.741281509399414
Generalized Bayesian Posterior Expectation Distillation for Deep Neural Networks | OpenReview,8.01320743560791
"Deep Batch Active Learning by Diverse, Uncertain Gradient Lower Bounds | OpenReview",1.8317580223083496
Training Interpretable Convolutional Neural Networks towards Class-specific Filters | OpenReview,5.75213098526001
LEARNING TO LEARN WITH BETTER CONVERGENCE | OpenReview,7.202188968658447
Generalizing Deep Multi-task Learning with Heterogeneous Structured Networks | OpenReview,5.170060157775879
On the Unintended Social Bias of Training Language Generation Models with News Articles | OpenReview,6.882585048675537
SpectroBank: A filter-bank convolutional layer for CNN-based audio applications | OpenReview,9.164153099060059
Differentially Private Survival Function Estimation | OpenReview,8.725671768188477
